,mean,max,min,no.invalid
precip,0.085770550233904,2.91,0.0,3
Tmax,58.51448952296032,101.0,-3.0,6
Tmin,39.368256798930005,77.0,-23.0,6
Tmean,48.936984162391255,88.5,-13.0,9
