,mean,max,min,no.invalid
precip,0.09038882803943056,2.63,0.0,0
Tmax,53.79189485213582,96.0,1.0,0
Tmin,36.420591456736034,75.0,-13.0,0
Tmean,45.10624315443592,84.5,-4.5,0
