,mean,max,min,no.invalid
precip,0.09574225753871114,4.0,0.0,2
Tmax,57.1918200408998,97.0,-8.0,20
Tmin,39.377045826513914,78.0,-21.0,22
Tmean,48.28787878787879,86.0,-13.5,26
