,mean,max,min,no.invalid
precip,0.09495437499999902,3.7,0.0,506
Tmax,55.996845425867505,103.0,-7.0,234
Tmin,37.008665511265164,79.0,-27.0,690
Tmean,46.6022553098314,88.5,-15.0,739
