,mean,max,min,no.invalid
precip,0.09935360360360374,2.81,0.0,140
Tmax,57.08090844570617,100.0,-9.0,63
Tmin,38.36155606407323,75.0,-16.0,161
Tmean,47.496541122213685,86.0,-12.5,171
