,mean,max,min,no.invalid
precip,0.08443124065769822,3.0,0.0,93
Tmax,55.42707554225879,102.0,-13.0,94
Tmin,37.298785425101215,79.0,-23.0,196
Tmean,46.24551386623165,89.0,-18.0,205
