,mean,max,min,no.invalid
precip,0.09273413063477465,3.0,0.0,30
Tmax,58.82341831916903,101.0,7.0,58
Tmin,41.25851063829787,79.0,-17.0,177
Tmean,49.97374062165059,89.5,-5.0,184
