,mean,max,min,no.invalid
precip,0.10771592539454825,3.01,0.0,37
Tmax,58.06376811594203,96.0,6.0,44
Tmin,41.28655834564254,78.0,-6.0,57
Tmean,49.63905325443787,87.0,3.5,58
