,mean,max,min,no.invalid
precip,0.0622121212121212,1.28,0.0,30
Tmax,71.65151515151516,98.0,43.0,30
Tmin,53.5,76.0,29.0,30
Tmean,62.57575757575758,85.5,37.5,30
