,mean,min,max,No. of invalid
Temp (F),35.545833333333334,18.0,52.0,0.0
Dewpt (F),26.525000000000002,6.0,49.0,0.0
Wind Spd (mph),10.195833333333335,0.0,29.0,0.0
Wind Direction (deg),204.61478919631094,0.0,360.0,0.0
Peak Wind Gust(mph),34.22727272727274,22.0,44.0,29.0
Atm Press (hPa),995.757222222222,975.8,1013.4,0.0
Sea Lev Press (hPa),1019.1404952880702,998.2,1037.7,1.0
Precip (in),0.002758945202723314,0.0,0.16,1.0
