,mean,min,max,No. of invalid,,
PRCP,0.091831,0,3,26,,5/2/1993
T,46.24551,-23,102,69,,4/1/1997
