,mean,min,max,No. of invalid,,
PRCP,0.098283,0,3,7,,4/2/1997
T,49.97374,-17,101,11,,4/22/2000
