,mean,min,max,No. of invalid,,
PRCP,0.068333,0,1.28,30,,4/27/2002
T,62.57576,29,98,30,,7/31/2002
